ID_values,Stranding_ID_Number,Sex,Straightline_Carapace_Length,Growth_Rate,Age,Year
1,Cm 018,Female,30.5,2.4,5,2004
2,Cm 018,Female,33.3,3.2,6,2005
3,Cm 018,Female,37.1,4.4,7,2006
4,Cm 018,Female,41.3,3.9,8,2007
5,Cm 018,Female,45.5,4.7,9,2008
6,Cm 018,Female,50.2,4.6,10,2009
7,Cm 024,Male,33.9,2.6,7,2004
8,Cm 024,Male,36.4,2.5,8,2005
9,Cm 024,Male,40.3,5.2,9,2006
10,Cm 024,Male,45,4.1,10,2007
11,Cm 024,Male,48.7,3.3,11,2008
12,Cm 024,Male,51.5,2.3,12,2009
13,Cm 026,Male,35.8,1.2,8,2002
14,Cm 026,Male,36.7,0.6,9,2003
15,Cm 026,Male,37.3,0.5,10,2004
16,Cm 026,Male,38.7,2.3,11,2005
17,Cm 026,Male,42.4,5,12,2006
18,Cm 026,Male,46.4,3,13,2007
19,Cm 026,Male,49.5,3.3,14,2008
20,Cm 026,Male,52.7,3,15,2009
21,Cm 030,Female,22,3.2,1,2005
22,Cm 030,Female,25.1,2.8,2,2006
23,Cm 030,Female,28.1,3.3,3,2007
24,Cm 030,Female,30.5,1.5,4,2008
25,Cm 030,Female,31.9,1.3,5,2009
26,Cm 032,Male,25.2,4.3,3,2008
27,Cm 032,Male,30.5,6.3,4,2009
28,Cm 046,Female,37,2.2,8,2005
29,Cm 046,Female,40.2,4.2,9,2006
30,Cm 046,Female,44.5,4.4,10,2007
31,Cm 046,Female,49.1,4.7,11,2008
32,Cm 046,Female,53.2,3.5,12,2009
33,Cm 048,Female,28.2,0.4,5,2003
34,Cm 048,Female,30.3,3.7,6,2004
35,Cm 048,Female,34,3.8,7,2005
36,Cm 048,Female,37.9,4.1,8,2006
37,Cm 048,Female,41.1,2.3,9,2007
38,Cm 048,Female,44,3.4,10,2008
39,Cm 048,Female,47.4,3.5,11,2009
40,Cm 049,Female,34.7,1.4,6,2003
41,Cm 049,Female,37.2,3.6,7,2004
42,Cm 049,Female,40.7,3.4,8,2005
43,Cm 049,Female,44.5,4.3,9,2006
44,Cm 049,Female,48.1,2.9,10,2007
45,Cm 049,Female,51.3,3.6,11,2008
46,Cm 049,Female,54.1,1.9,12,2009
47,Cm 053,Female,25.9,4.4,4,2006
48,Cm 053,Female,29.1,1.9,5,2007
49,Cm 053,Female,31.1,2.2,6,2008
50,Cm 053,Female,33.7,2.9,7,2009
51,Cm 056,Male,27.3,3.3,4,2006
52,Cm 056,Male,31.4,4.8,5,2007
53,Cm 056,Male,35.3,3.1,6,2008
54,Cm 056,Male,38.9,4.1,7,2009
55,Cm 058,Male,34.3,2.5,7,2005
56,Cm 058,Male,38.6,6.1,8,2006
57,Cm 058,Male,43.9,4.4,9,2007
58,Cm 058,Male,47.9,3.6,10,2008
59,Cm 058,Male,52,4.6,11,2009
60,Cm 060,Female,34.6,4.1,7,2004
61,Cm 060,Female,38.4,3.5,8,2005
62,Cm 060,Female,43.5,6.7,9,2006
63,Cm 060,Female,49.3,4.9,10,2007
64,Cm 060,Female,54.1,4.8,11,2008
65,Cm 060,Female,57.4,1.8,12,2009
66,Cm 063,Female,27.9,2.9,5,2006
67,Cm 063,Female,31.5,4.2,6,2007
68,Cm 063,Female,36.4,5.5,7,2008
69,Cm 063,Female,41,3.8,8,2009
70,Cm 065,Female,16.9,2.9,1,2008
71,Cm 065,Female,19,1.4,2,2009
72,Cm 068,Male,37,3.9,8,2005
73,Cm 068,Male,41.1,4.3,9,2006
74,Cm 068,Male,45.5,4.6,10,2007
75,Cm 068,Male,49.8,4.1,11,2008
76,Cm 068,Male,54.1,4.5,12,2009
77,Cm 070,Female,35.7,4.2,7,2004
78,Cm 070,Female,39.6,3.7,8,2005
79,Cm 070,Female,44.7,6.6,9,2006
80,Cm 070,Female,50.6,5.1,10,2007
81,Cm 070,Female,55.7,5,11,2008
82,Cm 070,Female,59.1,1.9,12,2009
83,Cm 071,Male,35.7,3.6,6,2004
84,Cm 071,Male,38.7,2.3,7,2005
85,Cm 071,Male,42.5,5.3,8,2006
86,Cm 071,Male,47.3,4.4,9,2007
87,Cm 071,Male,51.9,4.7,10,2008
88,Cm 071,Male,56.1,3.7,11,2009
89,Cm 072,Female,35.8,1.2,7,2002
90,Cm 072,Female,37.9,2.9,8,2003
91,Cm 072,Female,40.4,2.1,9,2004
92,Cm 072,Female,43.2,3.5,10,2005
93,Cm 072,Female,47.9,6,11,2006
94,Cm 072,Female,52.9,4.1,12,2007
95,Cm 072,Female,56.4,2.8,13,2008
96,Cm 072,Female,59.5,3.4,14,2009
97,Cm 073,Male,32.9,2.7,7,2004
98,Cm 073,Male,36,3.6,8,2005
99,Cm 073,Male,39.8,4.1,9,2006
100,Cm 073,Male,43.5,3.3,10,2007
101,Cm 073,Male,47,3.7,11,2008
102,Cm 073,Male,50.6,3.5,12,2009
103,Cm 080,Female,15.4,2.3,1,2008
104,Cm 080,Female,17.4,1.6,2,2009
105,Cm NME0110(Day11)_013,Female,58.1,2.9,13,2001
106,Cm NME0110(Day11)_013,Female,60.3,1.3,14,2002
107,Cm NME0110(Day11)_013,Female,62.6,3.3,15,2003
108,Cm NME0110(Day11)_013,Female,65.9,3.2,16,2004
109,Cm NME0110(Day11)_013,Female,69.9,4.7,17,2005
110,Cm NME0110(Day11)_013,Female,73.6,2.8,18,2006
111,Cm NME0110(Day11)_013,Female,75.8,1.5,19,2007
112,Cm NME0110(Day11)_013,Female,77.1,1.1,20,2008
113,Cm NME0110(Day11)_013,Female,78,0.9,21,2009
114,Cm NME100108_070,Female,18.4,5.2,1,2009
115,Cm NME100109_009,Female,31.6,4.2,5,1998
116,Cm NME100109_009,Female,37,6.7,6,1999
117,Cm NME100109_009,Female,42.2,3.7,7,2000
118,Cm NME100109_009,Female,45.5,2.8,8,2001
119,Cm NME100109_009,Female,49.1,4.5,9,2002
120,Cm NME100109_009,Female,53.8,4.9,10,2003
121,Cm NME100109_009,Female,56.3,0.2,11,2004
122,Cm NME100109_009,Female,56.8,0.8,12,2005
123,Cm NME100109_009,Female,57.4,0.4,13,2006
124,Cm NME100109_009,Female,58.2,1.3,14,2007
125,Cm NME100109_009,Female,59.2,0.7,15,2008
126,Cm NME100109_009,Female,60.2,1.3,16,2009
127,Cm NME100109_014,Male,21.3,3.8,1,2006
128,Cm NME100109_014,Male,24.5,2.8,2,2007
129,Cm NME100109_014,Male,27,2.2,3,2008
130,Cm NME100109_014,Male,29,1.7,4,2009
131,Cm NME100109_018,Female,29.7,4.3,5,2007
132,Cm NME100109_018,Female,33.5,3.2,6,2008
133,Cm NME100109_018,Female,37.1,4,7,2009
134,Cm NME100109_022,Male,28.9,2.6,5,2003
135,Cm NME100109_022,Male,30.4,0.5,6,2004
136,Cm NME100109_022,Male,31.7,2.2,7,2005
137,Cm NME100109_022,Male,34.5,3.4,8,2006
138,Cm NME100109_022,Male,39.3,6.2,9,2007
139,Cm NME100109_022,Male,44.9,5,10,2008
140,Cm NME100109_022,Male,49.7,4.5,11,2009
141,Cm NME100109_026,Male,20.8,3.3,1,2008
142,Cm NME100109_026,Male,23.8,2.7,2,2009
143,Cm NME100109_031,Male,33,2.1,6,2002
144,Cm NME100109_031,Male,35.4,2.8,7,2003
145,Cm NME100109_031,Male,38.5,3.4,8,2004
146,Cm NME100109_031,Male,41.6,2.8,9,2005
147,Cm NME100109_031,Male,45.3,4.5,10,2006
148,Cm NME100109_031,Male,49.3,3.5,11,2007
149,Cm NME100109_031,Male,52.9,3.5,12,2008
150,Cm NME100109_031,Male,55.8,2.3,13,2009
151,Cm NME100109_034,Female,41.6,2,9,2002
152,Cm NME100109_034,Female,44.3,3.4,10,2003
153,Cm NME100109_034,Female,49.3,6.8,11,2004
154,Cm NME100109_034,Female,55.6,5.8,12,2005
155,Cm NME100109_034,Female,61.1,5.2,13,2006
156,Cm NME100109_034,Female,65.8,4.3,14,2007
157,Cm NME100109_034,Female,69.3,2.6,15,2008
158,Cm NME100109_034,Female,71.4,1.7,16,2009
159,Cm NME100109_038,Female,21.3,3.8,1,2005
160,Cm NME100109_038,Female,24.6,2.8,2,2006
161,Cm NME100109_038,Female,26.7,1.4,3,2007
162,Cm NME100109_038,Female,27.9,1.1,4,2008
163,Cm NME100109_038,Female,28.7,0.6,5,2009
164,Cm NME100109_039,Female,21.5,5.3,1,2007
165,Cm NME100109_039,Female,26.4,4.4,2,2008
166,Cm NME100109_039,Female,31.9,6.5,3,2009
167,Cm NME100109_048,Female,22.2,2.9,2,2006
168,Cm NME100109_048,Female,24.1,1,3,2007
169,Cm NME100109_048,Female,26.4,3.5,4,2008
170,Cm NME100109_048,Female,29.9,3.7,5,2009
171,Cm NME100109_053,Male,19.9,2.1,1,2007
172,Cm NME100109_053,Male,22.1,2.2,2,2008
173,Cm NME100109_053,Male,24.9,3.5,3,2009
174,Cm NME100109_056,Female,15.7,3.5,1,2008
175,Cm NME100109_056,Female,17.7,0.7,2,2009
176,Cm NME100109_063,Male,19.9,1.7,1,2005
177,Cm NME100109_063,Male,21.9,2.3,2,2006
178,Cm NME100109_063,Male,24.5,2.8,3,2007
179,Cm NME100109_063,Male,28.1,4.5,4,2008
180,Cm NME100109_063,Male,31.9,3.1,5,2009
181,Cm NME100109_064,Male,34.4,4.3,6,2004
182,Cm NME100109_064,Male,38.8,4.6,7,2005
183,Cm NME100109_064,Male,42.9,3.8,8,2006
184,Cm NME100109_064,Male,46.1,2.6,9,2007
185,Cm NME100109_064,Male,49.2,3.6,10,2008
186,Cm NME100109_064,Male,52,2,11,2009
187,Cm NME100109_066,Female,34.8,3.3,7,2004
188,Cm NME100109_066,Female,37.8,2.7,8,2005
189,Cm NME100109_066,Female,41.3,4.2,9,2006
190,Cm NME100109_066,Female,45.5,4.2,10,2007
191,Cm NME100109_066,Female,50.3,5.3,11,2008
192,Cm NME100109_066,Female,55,4.2,12,2009
193,Cm NME100109_075,Male,26.7,2.5,4,2006
194,Cm NME100109_075,Male,28.9,2,5,2007
195,Cm NME100109_075,Male,31.7,3.6,6,2008
196,Cm NME100109_075,Male,35.4,3.8,7,2009
197,Cm NME100109_078,Male,27.1,2,4,2006
198,Cm NME100109_078,Male,28.7,1.3,5,2007
199,Cm NME100109_078,Male,31,3.2,6,2008
200,Cm NME100109_078,Male,34.4,3.6,7,2009
201,Cm NME100109_080_2,Male,18,3.1,1,2007
202,Cm NME100109_080_2,Male,20.8,2.6,2,2008
203,Cm NME100109_080_2,Male,22.8,1.3,3,2009
204,Cm NME100109_090,Female,30.7,2.9,5,2007
205,Cm NME100109_090,Female,33.9,3.6,6,2008
206,Cm NME100109_090,Female,37.5,3.5,7,2009
207,Cm NME100109_092,Male,24.5,3.4,3,2006
208,Cm NME100109_092,Male,28.3,4.2,4,2007
209,Cm NME100109_092,Male,32.9,5.1,5,2008
210,Cm NME100109_092,Male,35.9,1,6,2009
211,Cm NME100109_118,Female,17.7,1.6,1,2008
212,Cm NME100109_118,Female,19.9,2.9,2,2009
213,Cm NME100109_120,Male,19.7,5.8,1,2007
214,Cm NME100109_120,Male,24.5,3.8,2,2008
215,Cm NME100109_120,Male,28.3,3.7,3,2009
216,Cm NME100109_121,Female,20.6,7.6,1,2008
217,Cm NME100109_121,Female,25.8,2.8,2,2009
218,Cm NME100109_124,Male,19.5,1.7,1,2006
219,Cm NME100109_124,Male,20.8,0.7,2,2007
220,Cm NME100109_124,Male,22.7,3.2,3,2008
221,Cm NME100109_124,Male,25.9,3.2,4,2009
222,Cm NME100109_129,Male,25.1,6.9,1,2008
223,Cm NME100109_129,Male,31.5,5.9,2,2009
224,Cm NME100109_132,Female,19.7,1.7,1,2005
225,Cm NME100109_132,Female,21.5,1.8,2,2006
226,Cm NME100109_132,Female,22.7,0.7,3,2007
227,Cm NME100109_132,Female,23.8,1.5,4,2008
228,Cm NME100109_132,Female,25.6,2,5,2009
229,Cm NME100109_139,Female,17.7,3.1,1,2005
230,Cm NME100109_139,Female,20.6,2.8,2,2006
231,Cm NME100109_139,Female,22.7,1.4,3,2007
232,Cm NME100109_139,Female,23.7,0.7,4,2008
233,Cm NME100109_139,Female,24.4,0.8,5,2009
234,Cm NME100109_150,Male,23.4,2.5,2,2007
235,Cm NME100109_150,Male,26.2,3,3,2008
236,Cm NME100109_150,Male,30.1,4.8,4,2009
237,Cm NME100109_156,Female,20.9,3,1,2009
238,Cm NME100110_001,Female,40.8,3.1,10,2004
239,Cm NME100110_001,Female,44.6,4.6,11,2005
240,Cm NME100110_001,Female,49.7,5.6,12,2006
241,Cm NME100110_001,Female,54.3,3.6,13,2007
242,Cm NME100110_001,Female,57.9,3.4,14,2008
243,Cm NME100110_001,Female,61.5,3.9,15,2009
244,Cm NME100110_002,Female,37.5,2.7,7,2005
245,Cm NME100110_002,Female,41,4.3,8,2006
246,Cm NME100110_002,Female,45.2,4.1,9,2007
247,Cm NME100110_002,Female,49.8,5.2,10,2008
248,Cm NME100110_002,Female,54.6,4.4,11,2009
249,Cm NME100110_003,Female,34.7,3,6,2004
250,Cm NME100110_003,Female,37.8,3.1,7,2005
251,Cm NME100110_003,Female,41.5,4.3,8,2006
252,Cm NME100110_003,Female,45.6,3.9,9,2007
253,Cm NME100110_003,Female,49.9,4.7,10,2008
254,Cm NME100110_003,Female,53.6,2.7,11,2009
255,Cm NME100110_008,Female,22.9,2.4,1,2005
256,Cm NME100110_008,Female,25,1.9,2,2006
257,Cm NME100110_008,Female,29.7,7.5,3,2007
258,Cm NME100110_008,Female,35.5,4.1,4,2008
259,Cm NME100110_008,Female,39.2,3.2,5,2009
260,Cm NME100110_010,Female,22.4,1.7,2,2005
261,Cm NME100110_010,Female,24.2,1.8,3,2006
262,Cm NME100110_010,Female,26.8,3.3,4,2007
263,Cm NME100110_010,Female,29.7,2.6,5,2008
264,Cm NME100110_010,Female,31.7,1.4,6,2009
265,Cm NME100110_013,Male,28.8,5,4,2008
266,Cm NME100110_013,Male,33.3,4,5,2009
267,Cm NME100110_016,Female,28.4,6.9,4,2006
268,Cm NME100110_016,Female,33.9,4.1,5,2007
269,Cm NME100110_016,Female,38,4.3,6,2008
270,Cm NME100110_016,Female,42.3,4.3,7,2009
271,Cm NME100110_021,Male,22.4,2.1,1,2005
272,Cm NME100110_021,Male,24.5,2,2,2006
273,Cm NME100110_021,Male,26.8,2.6,3,2007
274,Cm NME100110_021,Male,30.2,4.3,4,2008
275,Cm NME100110_021,Male,35.2,5.6,5,2009
276,Cm NME100110_025,Female,33.3,1.4,7,2004
277,Cm NME100110_025,Female,35.5,3,8,2005
278,Cm NME100110_025,Female,39.1,4.1,9,2006
279,Cm NME100110_025,Female,43,3.8,10,2007
280,Cm NME100110_025,Female,47,4.2,11,2008
281,Cm NME100110_025,Female,50.6,3,12,2009
282,Cm NME100110_028,Female,25.7,2.4,3,2008
283,Cm NME100110_028,Female,29.4,4.9,4,2009
284,Cm NME100110_029,Female,34.7,3.5,7,2005
285,Cm NME100110_029,Female,38.4,4,8,2006
286,Cm NME100110_029,Female,42.1,3.2,9,2007
287,Cm NME100110_029,Female,45.5,3.7,10,2008
288,Cm NME100110_029,Female,49.1,3.4,11,2009
289,Cm NME100110_031,Male,19,3.2,1,2007
290,Cm NME100110_031,Male,23,4.8,2,2008
291,Cm NME100110_031,Male,27.1,3.4,3,2009
292,Cm NME100110_032,Female,23.1,3.4,2,2007
293,Cm NME100110_032,Female,25.9,2.2,3,2008
294,Cm NME100110_032,Female,27.8,1.6,4,2009
295,Cm NME100110_034,Male,23.8,5.5,1,2007
296,Cm NME100110_034,Male,27.7,2.3,2,2008
297,Cm NME100110_034,Male,29.6,1.4,3,2009
298,Cm NME100110_039,Male,33.7,3.6,6,2005
299,Cm NME100110_039,Male,38.5,6.1,7,2006
300,Cm NME100110_039,Male,43.9,4.7,8,2007
301,Cm NME100110_039,Male,48.6,4.7,9,2008
302,Cm NME100110_039,Male,53,4.1,10,2009
303,Cm NME100110_041,Male,27.9,2.6,4,2006
304,Cm NME100110_041,Male,31.6,4.7,5,2007
305,Cm NME100110_041,Male,36.1,4.4,6,2008
306,Cm NME100110_041,Male,40.7,4.7,7,2009
307,Cm NME100110_044,Female,20.3,4.4,1,2004
308,Cm NME100110_044,Female,23.9,2.8,2,2005
309,Cm NME100110_044,Female,27.6,4.5,3,2006
310,Cm NME100110_044,Female,30.7,1.7,4,2007
311,Cm NME100110_044,Female,32.6,2.2,5,2008
312,Cm NME100110_044,Female,34.9,2.2,6,2009
313,Cm NME100110_050,Female,30.4,2.4,5,2005
314,Cm NME100110_050,Female,33.5,3.8,6,2006
315,Cm NME100110_050,Female,37.5,4.2,7,2007
316,Cm NME100110_050,Female,42,5,8,2008
317,Cm NME100110_050,Female,45.8,2.5,9,2009
318,Cm NME100110_051,Male,20.9,3.2,2,2006
319,Cm NME100110_051,Male,24.1,3.1,3,2007
320,Cm NME100110_051,Male,26.6,1.9,4,2008
321,Cm NME100110_051,Male,28.9,2.8,5,2009
322,Cm NME100110_053,Male,23.7,3.2,1,2005
323,Cm NME100110_053,Male,26.7,2.7,2,2006
324,Cm NME100110_053,Male,30,4,3,2007
325,Cm NME100110_053,Male,34,4,4,2008
326,Cm NME100110_053,Male,37.5,3.1,5,2009
327,Cm NME100110_054,Male,20.8,4.8,1,2008
328,Cm NME100110_054,Male,24.7,3.2,2,2009
329,Cm NME100110_057,Male,18.6,5.1,1,2009
330,Cm NME100110_077,Female,33.1,3.3,6,2004
331,Cm NME100110_077,Female,36.1,2.8,7,2005
332,Cm NME100110_077,Female,39.5,4.1,8,2006
333,Cm NME100110_077,Female,43.8,4.5,9,2007
334,Cm NME100110_077,Female,47.8,3.3,10,2008
335,Cm NME100110_077,Female,50.9,2.9,11,2009
336,Cm NME100111_003,Female,34.5,3,7,2005
337,Cm NME100111_003,Female,38.5,5,8,2006
338,Cm NME100111_003,Female,42.9,3.7,9,2007
339,Cm NME100111_003,Female,47.3,5.2,10,2008
340,Cm NME100111_003,Female,52.3,4.8,11,2009
341,Cm NME100111_029,Male,24.4,4.7,3,2006
342,Cm NME100111_029,Male,29.2,5,4,2007
343,Cm NME100111_029,Male,33.9,4.3,5,2008
344,Cm NME100111_029,Male,39,5.9,6,2009
345,Cm NME100111_031,Female,21.6,2,1,2006
346,Cm NME100111_031,Female,25.1,4.9,2,2007
347,Cm NME100111_031,Female,29.9,4.6,3,2008
348,Cm NME100111_031,Female,34.7,5,4,2009
349,Cm NME100111_035,Male,28.1,3.4,4,2006
350,Cm NME100111_035,Male,31.5,3.4,5,2007
351,Cm NME100111_035,Male,35.9,5.4,6,2008
352,Cm NME100111_035,Male,41.4,5.5,7,2009
353,Cm NME100111_038,Female,21.7,3.5,1,2009
354,Cm NME100111_039,Male,36.2,4.4,6,2005
355,Cm NME100111_039,Male,41.1,5.3,7,2006
356,Cm NME100111_039,Male,45.8,4.1,8,2007
357,Cm NME100111_039,Male,50.3,5,9,2008
358,Cm NME100111_039,Male,54.7,3.7,10,2009
359,Cm NME100111_041_2,Male,22.4,2,5,2006
360,Cm NME100111_041_2,Male,25.2,3.7,6,2007
361,Cm NME100111_041_2,Male,28.3,2.4,7,2008
362,Cm NME100111_041_2,Male,31.3,3.6,8,2009
363,Cm NME100111_042,Female,54,3.5,8,2004
364,Cm NME100111_042,Female,59,6.4,9,2005
365,Cm NME100111_042,Female,65.5,6.6,10,2006
366,Cm NME100111_042,Female,71.3,5.2,11,2007
367,Cm NME100111_042,Female,75.7,3.6,12,2008
368,Cm NME100111_042,Female,79.5,4.1,13,2009
369,Cm NME100111_042_2,Female,24.4,3.3,1,2006
370,Cm NME100111_042_2,Female,27.9,3.5,2,2007
371,Cm NME100111_042_2,Female,31.6,3.9,3,2008
372,Cm NME100111_042_2,Female,36.1,5.1,4,2009
373,Cm NME100111_043_2,Female,36.1,4,8,2005
374,Cm NME100111_043_2,Female,40.5,4.8,9,2006
375,Cm NME100111_043_2,Female,45.6,5.2,10,2007
376,Cm NME100111_043_2,Female,51,5.7,11,2008
377,Cm NME100111_043_2,Female,57.5,7.3,12,2009
378,Cm NME100111_043_FP,Female,32.1,2,5,2000
379,Cm NME100111_043_FP,Female,33.7,1.2,6,2001
380,Cm NME100111_043_FP,Female,35.9,3.2,7,2002
381,Cm NME100111_043_FP,Female,39.2,3.5,8,2003
382,Cm NME100111_043_FP,Female,43.1,4.1,9,2004
383,Cm NME100111_043_FP,Female,47.3,4.5,10,2005
384,Cm NME100111_043_FP,Female,51.5,3.8,11,2006
385,Cm NME100111_043_FP,Female,54.6,2.5,12,2007
386,Cm NME100111_043_FP,Female,57.1,2.5,13,2008
387,Cm NME100111_043_FP,Female,59.7,2.6,14,2009
388,Cm NME100111_045_2_FP,Male,32.6,2.4,7,2004
389,Cm NME100111_045_2_FP,Male,36.2,4.9,8,2005
390,Cm NME100111_045_2_FP,Male,40,2.7,9,2006
391,Cm NME100111_045_2_FP,Male,43.2,3.6,10,2007
392,Cm NME100111_045_2_FP,Male,46.8,3.7,11,2008
393,Cm NME100111_045_2_FP,Male,50.2,3.2,12,2009
394,Cm NME100111_058,Female,23.1,3.7,1,2007
395,Cm NME100111_058,Female,27.4,4.9,2,2008
396,Cm NME100111_058,Female,32.4,5.1,3,2009
397,Cm NME100111_062 ,Male,33.1,3.3,6,2004
398,Cm NME100111_062 ,Male,36.7,3.8,7,2005
399,Cm NME100111_062 ,Male,41,4.8,8,2006
400,Cm NME100111_062 ,Male,45,3.2,9,2007
401,Cm NME100111_062 ,Male,48.6,4,10,2008
402,Cm NME100111_062 ,Male,52.6,4.1,11,2009
403,Cm NME100111_065_FP,Female,34,3.9,6,2005
404,Cm NME100111_065_FP,Female,37.5,3.3,7,2006
405,Cm NME100111_065_FP,Female,40.7,3,8,2007
406,Cm NME100111_065_FP,Female,43.8,3.3,9,2008
407,Cm NME100111_065_FP,Female,47.3,3.6,10,2009
408,Cm NME100111_068,Male,27.1,1.1,4,2005
409,Cm NME100111_068,Male,29.2,3.2,5,2006
410,Cm NME100111_068,Male,33,4.4,6,2007
411,Cm NME100111_068,Male,37.5,4.6,7,2008
412,Cm NME100111_068,Male,42.1,4.6,8,2009
413,Cm NME100111_069_FP,Female,29.6,3.6,5,2004
414,Cm NME100111_069_FP,Female,32.6,2.5,6,2005
415,Cm NME100111_069_FP,Female,36.2,4.6,7,2006
416,Cm NME100111_069_FP,Female,40.5,3.9,8,2007
417,Cm NME100111_069_FP,Female,44.2,3.7,9,2008
418,Cm NME100111_069_FP,Female,47.3,2.4,10,2009
419,Cm NME100111_070,Male,30.9,1.8,5,2003
420,Cm NME100111_070,Male,33.4,3.2,6,2004
421,Cm NME100111_070,Male,36.8,3.6,7,2005
422,Cm NME100111_070,Male,40.7,4.1,8,2006
423,Cm NME100111_070,Male,44.8,4,9,2007
424,Cm NME100111_070,Male,49,4.4,10,2008
425,Cm NME100111_070,Male,53.4,4.5,11,2009
426,Cm NME100111_071,Female,34.8,2.1,7,2004
427,Cm NME100111_071,Female,37.9,4.1,8,2005
428,Cm NME100111_071,Female,42.2,4.5,9,2006
429,Cm NME100111_071,Female,47.1,5.3,10,2007
430,Cm NME100111_071,Female,51.4,3.4,11,2008
431,Cm NME100111_071,Female,55,3.9,12,2009
432,Cm NME100111_075,Male,27.5,3.4,4,2006
433,Cm NME100111_075,Male,30.7,3,5,2007
434,Cm NME100111_075,Male,34.5,4.6,6,2008
435,Cm NME100111_075,Male,39.6,5.7,7,2009
436,Cm NME100111_077,Female,29.7,2.1,5,2004
437,Cm NME100111_077,Female,32.2,2.9,6,2005
438,Cm NME100111_077,Female,35.9,4.5,7,2006
439,Cm NME100111_077,Female,40.4,4.4,8,2007
440,Cm NME100111_077,Female,44.6,4.1,9,2008
441,Cm NME100111_077,Female,48.1,2.8,10,2009
442,Cm NME100111_088,Female,31.8,3.6,7,2006
443,Cm NME100111_088,Female,34.9,2.8,8,2007
444,Cm NME100111_088,Female,36.7,0.9,9,2008
445,Cm NME100111_088,Female,37.8,1.2,10,2009
446,Cm NME100111_091,Male,29.5,2.5,5,2005
447,Cm NME100111_091,Male,33.1,4.8,6,2006
448,Cm NME100111_091,Male,37.9,4.7,7,2007
449,Cm NME100111_091,Male,42.7,4.9,8,2008
450,Cm NME100111_091,Male,47.3,4.4,9,2009
451,Cm NME100111_093,Male,33.3,2.5,7,2006
452,Cm NME100111_093,Male,37.1,5,8,2007
453,Cm NME100111_093,Male,42.3,5.3,9,2008
454,Cm NME100111_093,Male,46.9,3.9,10,2009
455,Cm NME100111_101,Female,30.7,5.4,5,2007
456,Cm NME100111_101,Female,35.1,3.4,6,2008
457,Cm NME100111_101,Female,39.1,4.6,7,2009
458,Cm NME100111_117,Male,40.2,2.3,9,2004
459,Cm NME100111_117,Male,42.5,2.5,10,2005
460,Cm NME100111_117,Male,45.7,3.8,11,2006
461,Cm NME100111_117,Male,49.5,3.9,12,2007
462,Cm NME100111_117,Male,52.5,2,13,2008
463,Cm NME100111_117,Male,55.2,3.4,14,2009
464,Cm NME100111_119,Female,38.7,5.5,8,2006
465,Cm NME100111_119,Female,43.4,3.8,9,2007
466,Cm NME100111_119,Female,47.5,4.4,10,2008
467,Cm NME100111_119,Female,51.6,4,11,2009
468,Cm NME100111_121 FP,Female,29,3,5,2004
469,Cm NME100111_121 FP,Female,31.8,2.6,6,2005
470,Cm NME100111_121 FP,Female,34.6,3.1,7,2006
471,Cm NME100111_121 FP,Female,37.8,3.2,8,2007
472,Cm NME100111_121 FP,Female,40.8,2.9,9,2008
473,Cm NME100111_121 FP,Female,43.6,2.7,10,2009
474,Cm NME100111_143,Male,22.1,2.7,1,2005
475,Cm NME100111_143,Male,24.8,2.7,2,2006
476,Cm NME100111_143,Male,27.4,2.6,3,2007
477,Cm NME100111_143,Male,29.2,1.1,4,2008
478,Cm NME100111_143,Male,30.1,0.7,5,2009
479,Cm NME100111_26,Male,20.6,5.4,1,2007
480,Cm NME100111_26,Male,24.6,2.7,2,2008
481,Cm NME100111_26,Male,27.4,2.9,3,2009
482,Cm NME100112_004_2 FP,Female,38.8,5.3,8,2002
483,Cm NME100112_004_2 FP,Female,42.1,1.3,9,2003
484,Cm NME100112_004_2 FP,Female,44.1,2.8,10,2004
485,Cm NME100112_004_2 FP,Female,47.6,4.1,11,2005
486,Cm NME100112_004_2 FP,Female,51.8,4.4,12,2006
487,Cm NME100112_004_2 FP,Female,55.9,3.8,13,2007
488,Cm NME100112_004_2 FP,Female,59.4,3.2,14,2008
489,Cm NME100112_004_2 FP,Female,62.5,2.9,15,2009
490,Cm NME100112_005,Female,35.7,1.4,8,2000
491,Cm NME100112_005,Female,37.1,1.3,9,2001
492,Cm NME100112_005,Female,39.6,3.8,10,2002
493,Cm NME100112_005,Female,42.8,2.5,11,2003
494,Cm NME100112_005,Female,46.3,4.7,12,2004
495,Cm NME100112_005,Female,50.9,4.5,13,2005
496,Cm NME100112_005,Female,55.7,5.1,14,2006
497,Cm NME100112_005,Female,60.1,3.7,15,2007
498,Cm NME100112_005,Female,63.7,3.5,16,2008
499,Cm NME100112_005,Female,66.2,1.6,17,2009
500,Cm NME100112_006,Female,36.6,1.5,8,2000
501,Cm NME100112_006,Female,38.6,2.6,9,2001
502,Cm NME100112_006,Female,42.2,4.6,10,2002
503,Cm NME100112_006,Female,46.7,4.4,11,2003
504,Cm NME100112_006,Female,50.7,3.7,12,2004
505,Cm NME100112_006,Female,54.6,4.1,13,2005
506,Cm NME100112_006,Female,58.7,4.1,14,2006
507,Cm NME100112_006,Female,62.6,3.7,15,2007
508,Cm NME100112_006,Female,66,3.2,16,2008
509,Cm NME100112_006,Female,68.9,2.6,17,2009
510,Cm NME100112_012,Female,38.6,3.5,9,2002
511,Cm NME100112_012,Female,42.1,3.5,10,2003
512,Cm NME100112_012,Female,45.4,3.2,11,2004
513,Cm NME100112_012,Female,48.7,3.4,12,2005
514,Cm NME100112_012,Female,52,3.1,13,2006
515,Cm NME100112_012,Female,55.4,3.8,14,2007
516,Cm NME100112_012,Female,58.8,3,15,2008
517,Cm NME100112_012,Female,61.3,2,16,2009
518,Cm NME100112_013 pot FP,Female,39.8,4.2,8,2002
519,Cm NME100112_013 pot FP,Female,43.2,2.7,9,2003
520,Cm NME100112_013 pot FP,Female,46.1,3.1,10,2004
521,Cm NME100112_013 pot FP,Female,49.9,4.5,11,2005
522,Cm NME100112_013 pot FP,Female,54.6,5,12,2006
523,Cm NME100112_013 pot FP,Female,59.1,4.1,13,2007
524,Cm NME100112_013 pot FP,Female,62.8,3.3,14,2008
525,Cm NME100112_013 pot FP,Female,65.7,2.4,15,2009
526,Cm NME100112_015,Female,35.2,2.4,8,2004
527,Cm NME100112_015,Female,38,3.3,9,2005
528,Cm NME100112_015,Female,41.5,3.7,10,2006
529,Cm NME100112_015,Female,44.9,3.1,11,2007
530,Cm NME100112_015,Female,48.4,4,12,2008
531,Cm NME100112_015,Female,51.5,2.1,13,2009
532,Cm NME100112_017,Female,29.5,1.9,5,2002
533,Cm NME100112_017,Female,31,1,6,2003
534,Cm NME100112_017,Female,32.8,2.7,7,2004
535,Cm NME100112_017,Female,35.9,3.5,8,2005
536,Cm NME100112_017,Female,39.9,4.4,9,2006
537,Cm NME100112_017,Female,43.7,3.2,10,2007
538,Cm NME100112_017,Female,47.6,4.6,11,2008
539,Cm NME100112_017,Female,50.6,1.4,12,2009
540,Cm NME100112_018 FP,Female,30.5,4.1,5,2006
541,Cm NME100112_018 FP,Female,34.3,3.3,6,2007
542,Cm NME100112_018 FP,Female,38.2,4.5,7,2008
543,Cm NME100112_018 FP,Female,42.7,4.5,8,2009
544,Cm NME100112_035,Male,25.7,2,4,2005
545,Cm NME100112_035,Male,28.2,3,5,2006
546,Cm NME100112_035,Male,31.3,3.2,6,2007
547,Cm NME100112_035,Male,35,4.2,7,2008
548,Cm NME100112_035,Male,38.6,3.1,8,2009
549,Cm NME100112_046,Female,22.7,1.3,1,2006
550,Cm NME100112_046,Female,25.3,3.8,2,2007
551,Cm NME100112_046,Female,29.3,4.2,3,2008
552,Cm NME100112_046,Female,32.7,2.8,4,2009
553,Cm NME100113_010 FP,Female,32.1,6.5,5,2004
554,Cm NME100113_010 FP,Female,37.4,4,6,2005
555,Cm NME100113_010 FP,Female,41.5,4.2,7,2006
556,Cm NME100113_010 FP,Female,46.5,6,8,2007
557,Cm NME100113_010 FP,Female,50.8,2.5,9,2008
558,Cm NME100113_010 FP,Female,53.4,2.9,10,2009
559,Cm NME100113_019,Female,30.5,2,5,2006
560,Cm NME100113_019,Female,33.8,4.5,6,2007
561,Cm NME100113_019,Female,38.8,5.5,7,2008
562,Cm NME100113_019,Female,44.1,5.1,8,2009
563,Cm NME100113_019_2,Female,44.7,2.1,10,2001
564,Cm NME100113_019_2,Female,47.1,2.7,11,2002
565,Cm NME100113_019_2,Female,50,3.1,12,2003
566,Cm NME100113_019_2,Female,53.4,3.7,13,2004
567,Cm NME100113_019_2,Female,57.6,4.6,14,2005
568,Cm NME100113_019_2,Female,62,4.2,15,2006
569,Cm NME100113_019_2,Female,65.5,2.9,16,2007
570,Cm NME100113_019_2,Female,67.9,1.8,17,2008
571,Cm NME100113_019_2,Female,69.5,1.5,18,2009
572,Cm NME100113_020 FP,Female,39.7,2.9,8,2004
573,Cm NME100113_020 FP,Female,43.3,4.3,9,2005
574,Cm NME100113_020 FP,Female,48,5.3,10,2006
575,Cm NME100113_020 FP,Female,53.4,5.5,11,2007
576,Cm NME100113_020 FP,Female,58.8,5.3,12,2008
577,Cm NME100113_020 FP,Female,63.8,4.6,13,2009
578,Cm NME100113_028,Female,24.8,2.7,3,2007
579,Cm NME100113_028,Female,27.7,3.1,4,2008
580,Cm NME100113_028,Female,31.4,4.3,5,2009
581,Cm NME100113_030 FP,Male,30.2,1.7,5,2005
582,Cm NME100113_030 FP,Male,32.2,2.3,6,2006
583,Cm NME100113_030 FP,Male,34.7,2.8,7,2007
584,Cm NME100113_030 FP,Male,38,3.9,8,2008
585,Cm NME100113_030 FP,Male,42.6,5.3,9,2009
586,Cm NME100113_032,Female,35.7,3.9,7,2004
587,Cm NME100113_032,Female,39.8,4.2,8,2005
588,Cm NME100113_032,Female,43.8,3.8,9,2006
589,Cm NME100113_032,Female,47.8,4.2,10,2007
590,Cm NME100113_032,Female,52.5,5.2,11,2008
591,Cm NME100113_032,Female,57.5,5,12,2009
592,Cm NME100113_033,Female,21.8,5,1,2007
593,Cm NME100113_033,Female,25.5,2.3,2,2008
594,Cm NME100113_033,Female,28.2,3.2,3,2009
595,Cm NME100113_034,Female,31.6,1.5,6,2004
596,Cm NME100113_034,Female,33.4,2,7,2005
597,Cm NME100113_034,Female,36.4,3.9,8,2006
598,Cm NME100113_034,Female,40.4,4.1,9,2007
599,Cm NME100113_034,Female,45,5.2,10,2008
600,Cm NME100113_034,Female,50,4.9,11,2009
601,Cm NME100113_038,Female,27.9,1.9,5,2005
602,Cm NME100113_038,Female,31.3,4.9,6,2006
603,Cm NME100113_038,Female,35.4,3.3,7,2007
604,Cm NME100113_038,Female,39.1,4.1,8,2008
605,Cm NME100113_038,Female,43.2,4,9,2009
606,Cm NME100113_039,Female,28.3,3.2,4,2005
607,Cm NME100113_039,Female,32.4,5,5,2006
608,Cm NME100113_039,Female,36.4,3,6,2007
609,Cm NME100113_039,Female,40,4.1,7,2008
610,Cm NME100113_039,Female,44,3.8,8,2009
611,Cm NME100113_042,Female,30.9,3.5,6,2005
612,Cm NME100113_042,Female,35.3,5.3,7,2006
613,Cm NME100113_042,Female,39.7,3.5,8,2007
614,Cm NME100113_042,Female,43.9,4.9,9,2008
615,Cm NME100113_042,Female,48.1,3.5,10,2009
616,Cm NME100114_007,Female,40.7,4.1,9,2003
617,Cm NME100114_007,Female,45,4.4,10,2004
618,Cm NME100114_007,Female,49.2,4.1,11,2005
619,Cm NME100114_007,Female,53.4,4.4,12,2006
620,Cm NME100114_007,Female,57.5,3.7,13,2007
621,Cm NME100114_007,Female,61.7,4.7,14,2008
622,Cm NME100114_007,Female,66.1,4.1,15,2009
623,Cm NME100114_008,Female,39.7,1.7,8,2001
624,Cm NME100114_008,Female,41.6,2.3,9,2002
625,Cm NME100114_008,Female,44.3,3.1,10,2003
626,Cm NME100114_008,Female,48.4,5.2,11,2004
627,Cm NME100114_008,Female,53.2,4.5,12,2005
628,Cm NME100114_008,Female,57.7,4.4,13,2006
629,Cm NME100114_008,Female,61.7,3.6,14,2007
630,Cm NME100114_008,Female,64.7,2.5,15,2008
631,Cm NME100114_008,Female,67.1,2.3,16,2009
632,Cm NME100114_009,Female,34.4,4.2,6,2004
633,Cm NME100114_009,Female,38.4,3.6,7,2005
634,Cm NME100114_009,Female,42.7,5,8,2006
635,Cm NME100114_009,Female,47.5,4.4,9,2007
636,Cm NME100114_009,Female,52.5,5.6,10,2008
637,Cm NME100114_009,Female,57,3.5,11,2009
638,Cm Tyndall NME100111_007,Female,32.8,4.2,6,2005
639,Cm Tyndall NME100111_007,Female,36.4,3,7,2006
640,Cm Tyndall NME100111_007,Female,39.9,4,8,2007
641,Cm Tyndall NME100111_007,Female,43.6,3.5,9,2008
642,Cm Tyndall NME100111_007,Female,46.6,2.4,10,2009
643,Cm Tyndall NME100111_015,Male,21.2,3.2,2,2006
644,Cm Tyndall NME100111_015,Male,25.1,4.5,3,2007
645,Cm Tyndall NME100111_015,Male,30.5,6.3,4,2008
646,Cm Tyndall NME100111_015,Male,35.5,3.9,5,2009
647,Cm Tyndall NME100111_016,Female,15.2,2.3,1,2007
648,Cm Tyndall NME100111_016,Female,17.5,2.1,2,2008
649,Cm Tyndall NME100111_016,Female,20.7,4.3,3,2009
650,Cm Tyndall NME100111_026,Male,17.3,1.8,1,2006
651,Cm Tyndall NME100111_026,Male,21.4,6.4,2,2007
652,Cm Tyndall NME100111_026,Male,27.8,6.4,3,2008
653,Cm Tyndall NME100111_026,Male,31.4,0.8,4,2009
654,Cm Tyndall NME100114_042,Male,23.7,4.2,2,2008
655,Cm Tyndall NME100114_042,Male,27.4,3.2,3,2009
656,Cm Tyndall NME100115_003,Male,19.7,3.5,1,2008
657,Cm Tyndall NME100115_003,Male,23,3.1,2,2009
658,Cm UUE487 Jan 2010 FG cold stun,Female,27.3,3,4,2007
659,Cm UUE487 Jan 2010 FG cold stun,Female,30.8,4,5,2008
660,Cm UUE487 Jan 2010 FG cold stun,Female,34.7,3.8,6,2009
